title,url,summary
智能电网,https://baike.baidu.com/item/%E6%99%BA%E8%83%BD%E7%94%B5%E7%BD%91,"
智能电网就是电网的智能化（智电电力），也被称为“电网2.0”，它是建立在集成的、高速双向通信网络的基础上，通过先进的传感和测量技术、先进的设备技术、先进的控制方法以及先进的决策支持系统技术的应用，实现电网的可靠、安全、经济、高效、环境友好和使用安全的目标，其主要特征包括自愈、激励和包括用户、抵御攻击、提供满足21世纪用户需求的电能质量、容许各种不同发电形式的接入、启动电力市场以及资产的优化高效运行。
"
高效,https://baike.baidu.com/item/%E9%AB%98%E6%95%88,"
高效，指效能高的，基本解释是效率高的。指在相同或更短的时间里完成比其他人更多的任务，而且质量与其他人一样或者更好。
"
智能化,https://baike.baidu.com/item/%E6%99%BA%E8%83%BD%E5%8C%96,"
智能化是现代人类文明发展的趋势，要实现智能化，智能材料是不可缺少的重要环节。智能材料是材料科学发展的一个重要方向，也是材料科学发展的必然。智能材料结构是一门新兴起的多学科交叉的综合科学。智能材料的研究内容十分丰富，涉及许多前沿学科和高新智能材料在工农业生产、科学技术、人民生活、国民经济等各方面起着非常重要的作用，应用领域十分广阔。[1] 

"
智能,https://baike.baidu.com/item/%E6%99%BA%E8%83%BD/66637,"
智能，是智力和能力的总称，中国古代思想家一般把智与能看做是两个相对独立的概念。
"
经济,https://baike.baidu.com/item/%E7%BB%8F%E6%B5%8E,"
经济是价值的创造、转化与实现；人类经济活动就是创造、转化、实现价值，满足人类物质文化生活需要的活动。[1-4] 
简单地说，经济就是对物资的管理；是对人们生产、使用、处理、分配一切物资这一整体动态现象的总称。这一概念微观的指一个家庭的家务管理，宏观的指一个国家的经国济民。在这一动态整体中，包括着人类的生产、储蓄、交换、分配的各项活动；生产是这一动态的基础，分配是这一动态的终点。[5] 

"
智电电力,https://baike.baidu.com/item/%E6%99%BA%E7%94%B5%E7%94%B5%E5%8A%9B,"
智电电力是一家电力科技有限公司。宁波智电电力科技有限公司在西安高新区设有研发中心，公司自成立起，始终致力于在线监测技术的探究与开发。
"
安全,https://baike.baidu.com/item/%E5%AE%89%E5%85%A8/32778,"
安全，是一个汉语词语，拼音是ān quán，是指不受威胁，没有危险、危害、损失；保护、保全。分别出自汉代焦赣的《易林·小畜之无妄》、《晋书·慕容垂载记》。当汉语的“安全[1] 
”一词用来译指英文时，可以与其对应的主要有safety和security两个单词，虽然这两个单词的含义及用法有所不同，但都可在不同意义上与中文“安全”相对应。
"
晋书,https://baike.baidu.com/item/%E6%99%8B%E4%B9%A6,"
《晋书》，中国的二十四史之一，唐房玄龄等人合著，作者共二十一人[1] 
。记载的历史上起三国时期司马懿早年，下至东晋恭帝元熙二年（420年）刘裕废晋帝自立，以宋代晋。该书同时还以“载记”形式，记述了十六国政权的状况。原有叙例、目录各一卷，帝纪十卷，志二十卷，列传七十卷，载记三十卷，共一百三十二卷。后来叙例、目录失传，今存一百三十卷。
"
刘裕,https://baike.baidu.com/item/%E5%88%98%E8%A3%95,"
刘裕（363年4月16日—422年6月26日），字德舆，小名寄奴。祖籍彭城郡彭城县绥舆里，生于晋陵郡丹徒县京口里，西汉楚元王刘交之后[1-2] 
。东晋至南北朝时期杰出的政治家、改革家、军事家，南朝刘宋开国皇帝（420年—422年在位）。刘裕自幼家贫，初为北府军将领。自隆安三年（399年）后，对内平定孙恩和桓玄，消灭桓楚、西蜀、卢循、刘毅、司马休之等割据势力，使南方出现百年未有的统一局面；对外消灭南燕、后秦等国，降服仇池，又以却月阵大破北魏，收复淮北、山东、河南、关中等地，光复洛阳、长安两都。即位后，又派兵南征林邑国，使其全境归附。永初元年（420年），刘裕代晋自立，定都建康，国号“宋”，史称刘宋或南朝宋。执政期间，吸取前朝士族豪强挟主专横的教训，集权中央，抑制豪强兼并，实施土断，整顿吏治，重用寒门，发展生产，轻徭薄赋，废除苛法，亲自听讼，振兴教育，策试诸州郡秀才，举善旌贤，并多次遣使访民间疾苦[3] 
，改善政治和社会状况，终结了门阀专政的时代，奠定了南朝“寒人掌机要”的政治格局。他对江南经济的发展，汉文化的保护与发扬有重大贡献，并开创了江左六朝疆域最辽阔的时期，为“元嘉之治”打下坚实的基础。被李贽誉为“定乱代兴之君”，也有“南朝第一帝”之称。永初三年（422年），刘裕计划出征北魏，结果还未来得及出兵，便于同年病逝[4] 
，终年五十九。庙号高祖，谥号武皇帝，葬于初宁陵。著有《兵法要略》一卷，今佚。
"
危害,https://baike.baidu.com/item/%E5%8D%B1%E5%AE%B3,"
危险灾害。 《荀子·荣辱》：“荣辱之大分，安危利害之常体……材悫者常安利，荡悍者常危害。”《韩非子·奸劫弑臣》：“人焉能去安利之道，而就危害之处哉！”《汉书·西域传上·罽宾国》：“险阻危害，不可胜言。” 2. 使受破坏；伤害。 《后汉书·孔融传》：“怨毒渐积，志相危害，闻之怃然，中夜而起。”《南史·垣护之传》：“ 元徽 末， 苍梧 凶狂，恒欲危害 高帝 。” 周立波 《山乡巨变》上一：“那些危害猪牛鸡鸭的野物：黄竹筒、黄豺狗、野猫子，都归他们管。”能引起人员的伤害或对人员的健康造成负面影响的情况。（危害因素可能导致的后果）识别危害时应充分考虑人员、设备、材料、环境、方法五个方面和正常、异常、紧急三个状态。
"
电网,https://baike.baidu.com/item/%E7%94%B5%E7%BD%91,"
电力系统中各种电压的变电所及输配电线路组成的整体，称为电力网。它包含变电、输电、配电三个单元。电力网的任务是输送与分配电能，改变电压。
"
韩非,https://baike.baidu.com/item/%E9%9F%A9%E9%9D%9E%E5%AD%90,"
韩非（约公元前280年—公元前233年），战国时期韩国都城新郑（今河南省郑州市新郑市）人[1] 
，杰出的思想家、哲学家和散文家。韩王之子，荀子学生，李斯同学。韩非子创立的法家学说，为中国第一个统一专制的中央集权制国家的诞生提供了理论依据。[2] 
韩非深爱自己的祖国，但他并不被韩王所重视，而秦王却为了得到韩非而出兵攻打韩国。韩非入秦后陈书秦王弱秦保韩之策，终不能为秦王所用。韩非因弹劾上卿姚贾，而招致姚贾报复，遂入狱。后李斯入狱毒之。韩非人虽死，但是其法家思想却被秦王嬴政所重用，奉《韩非子》为秦国治国经要。帮助秦国富国强兵，最终统一六国。韩非的思想深邃而又超前，对后世影响深远。韩非将商鞅的“法”，申不害的“术”和慎到的“势”集于一身，是法家思想的集大成者；韩非将老子的辩证法、朴素唯物主义与法融为一体。著有《韩非子》，共五十五篇，十万余字。在先秦诸子散文中独树一帜，呈现韩非极为重视唯物主义与效益主义思想，积极倡导君主专制主义理论，目的是为专制君主提供富国强兵的思想。《史记》载：秦王见《孤愤》、《五蠹》之书，曰：“嗟乎，寡人得见此人与之游，死不得恨矣！”可知当时秦王的重视。
"
哲学家,https://baike.baidu.com/item/%E5%93%B2%E5%AD%A6%E5%AE%B6/3968,"
哲学家的英文是philo—so—pher，意思是一个爱智慧的人。从科学学与科学史的意义上来说，哲学家是指拥有自己的哲学范式、有原创的哲学基础理论与哲学体系的哲学学人。哲学学者是以哲学为研究对象、对哲学有很高造诣的哲学学人。有没有自己的哲学范式和原创的哲学基础理论，是哲学家与一般的哲学学者的根本区别。
"
电压,https://baike.baidu.com/item/%E7%94%B5%E5%8E%8B,"
电压（voltage），也称作电势差或电位差，是衡量单位电荷在静电场中由于电势不同所产生的能量差的物理量。其大小等于单位正电荷因受电场力作用从A点移动到B点所做的功，电压的方向规定为从高电位指向低电位的方向。电压的国际单位制为伏特（V，简称伏），常用的单位还有毫伏（mV）、微伏（μV）、千伏（kV）等。此概念与水位高低所造成的“水压”相似。需要指出的是，“电压”一词一般只用于电路当中，“电势差”和“电位差”则普遍应用于一切电现象当中。
"
郑州,https://baike.baidu.com/item/%E9%83%91%E5%B7%9E%E5%B8%82,"
郑州，河南省省会，是中国中部地区重要的中心城市、国家重要的综合交通枢纽[1] 
、中原经济区核心城市[2] 
，地处华北平原南部、黄河下游，居河南省中部偏北，东接开封市，西依洛阳市，南与许昌市、平顶山市接壤，北隔黄河与新乡市、焦作市相望，介于东经112°42′-114°14′、北纬34°16′-34°58′之间。[3-4] 
郑州市总面积7446平方公里，截至2015年末，下辖6个市辖区、1个县，代管5个县级市，常住人口956.9万人。2015年郑州生产总值为7315.2亿元。[5] 
郑州市地处中原腹地，属温带季风气候，四季分明，位于中国地貌第二阶梯与第三阶梯的交接过渡地带，地势西南高、东北低。[6-7] 
郑州是中国公路、铁路、航空、通信兼具的综合交通枢纽[8-9] 
，是中国商品集散中心地之一，拥有亚洲最大的列车编组站和中国最大的零担货物转运站。[10-12] 
郑州商品交易所是中国首家期货交易所。[13] 
郑州航空港区是中国首个国家级航空港经济综合实验区。[14] 
郑州也是中国（河南）自由贸易试验区的主要组成部分之一。[15-16] 
郑州是国家历史文化名城[1] 
，是华夏文明重要发祥地之一，为中华人文始祖轩辕黄帝的故里[17-18] 
，历史上曾五次为都、八代为州，是“中国八大古都”[19] 
之一和世界历史都市联盟成员[20] 
。全市有世界文化遗产2项15处，全国重点文物保护单位38处43项[11] 
，拥有黄帝故里、商城遗址、天地之中等众多历史人文景观。[21] 
2017年1月22日，国家发展改革委正式复函支持郑州建设国家中心城市。[22] 
2017年，郑州市复查确认继续保留全国文明城市荣誉称号。[23] 

"
孙恩,https://baike.baidu.com/item/%E5%AD%99%E6%81%A9/1640493,"
孙恩（？―公元402年），字灵秀，原籍琅琊（今山东临沂北），后移居会稽，[1-2] 
东晋五斗米道道士和起义军首领。家族世奉五斗米道[3] 
，是永嘉南渡世族。东晋隆安三年（公元399年）起兵反晋，余众由孙恩妹夫卢循领导，史称“孙恩卢循之乱”。元兴元年（402年）三月，孙恩进攻临海失败，跳海自杀。孙恩海上反乱被称为“中原海寇之始”，为后世海盗活动提供了经验。后人常称海盗为孙恩，孙恩成了海盗的代名词。
"
商鞅,https://baike.baidu.com/item/%E5%95%86%E9%9E%85/51063,"
商鞅（约公元前395年－公元前338年），战国时期政治家、改革家、思想家，法家代表人物，卫国（今河南省安阳市内黄县梁庄镇）[1-2] 
人，卫国国君的后裔，姬姓公孙氏，故又称卫鞅、公孙鞅。后因在河西之战中立功获封商于十五邑，号为商君，故称之为商鞅[3-4] 
。商鞅通过变法使秦国成为富裕强大的国家，史称“商鞅变法”。政治上，商鞅改革了秦国户籍、军功爵位、土地制度、行政区划、税收、度量衡以及民风民俗，并制定了严酷的法律；经济上商鞅主张重农抑商、奖励耕织，军事上商鞅作为统帅率领秦军收复了河西。公元前338年，秦孝公逝世，其子秦惠文王继位。秦孝公去世的同年，商鞅因被公子虔指为谋反，战败死于彤地，其尸身被带回咸阳，处以车裂后示众。
"
思想家,https://baike.baidu.com/item/%E6%80%9D%E6%83%B3%E5%AE%B6,"
思想家，研究思想、思维和思考模式并且形成思想体系的人。 古今中外富有独特思想和智慧的人士都可以称之为思想家，但是我们一般指的是那些影响特别大的哲学家。 例如：我国古代的老子，庄子以及西方的苏格拉底，柏拉图，马克思、康德、叔本华、尼采等等。思想家，是指对各层面的学术都有广泛研究或其思想足以建立出一个思想体系的人（如释迦牟尼佛、笩駄摩那、孔子、老子、柏拉图、亚里士多德等)。他们的研究范围都非常广泛，包括宗教、哲学、政治学、心理学、教育学、社会学、经济学、历史学、人类学、法学等；某些思想家甚至还会牵涉到军事理论、生物学、宇宙学等。
"
危险,https://baike.baidu.com/item/%E5%8D%B1%E9%99%A9/3088,"
危险是警告词，指某一系统、产品、或设备或操作的内部和外部的一种潜在的状态，其发生可能造成人员伤害、职业病、财产损失、作业环境破坏的状态，还有是一些机械类的危害。
"
伏特,https://baike.baidu.com/item/%E4%BC%8F%E7%89%B9/5490202,"
伏特是国际单位制中表示电压的基本单位，简称伏。符号V。为纪念意大利物理学亚历山德罗·福特家伏特而命名。右图是亚历山德罗·伏特发明的伏特电池，这项发明为人类发展做出了很大的贡献。
"
苍梧县,https://baike.baidu.com/item/%E8%8B%8D%E6%A2%A7,"
苍梧县，隶属广西壮族自治区梧州市，地处东经110°51′～111°40′，北纬23°26′～24°10′之间。位居广西壮族自治区东部，梧州北部。东毗广东省封开县，西邻藤县、昭平县，南连万秀区、长洲区、龙圩区，北与贺州市八步区交界。[1] 
2013年，苍梧县辖9个镇，总面积2680平方公里，总人口38.62万人。[2-3] 
苍梧县是名茶六堡茶的原产地[4] 
，“中国名茶之乡”。[5] 
2011年，国家质检总局批准六堡茶为地理标志保护产品。[4] 
2016年，六堡茶制作技艺列入第四批国家级非物质文化遗产名录。[6] 
2016年，苍梧县被评为“全国十大魅力茶乡”。[7] 
拥有“全国科技兴林示范县”、[8] 
“全国绿色小康县”、[9] 
“中国西部百强县”、[10] 
““全国营造林先进单位”、[11] 
“全国科技工作先进县”、[11] 
“全国科技进步先进县”[12] 
、[8] 
“全国森林资源林政管理先进单位”、[8] 
“全国诗词之乡”[13] 
、“全国全民健身活动先进单位”、[14] 
“全国森林资源可持续经营管理试点单位”[15] 
等称号。2015年，苍梧县地区生产总值完成33.8亿元，比2014年增长5.17%；规模以上工业总产值完成19.53亿元，比2014年增长7.7%；全社会固定资产投资完成26.88亿元，比2014年增长33.13%；财政收入完成5.33亿元，比2014年增长13.27%；城镇居民可支配收入完成18148元，比2014年增长6.5%；农民人均纯收入完成6534元，比2014年增长8%。[16] 

"
洛阳,https://baike.baidu.com/item/%E6%B4%9B%E9%98%B3/125712,"
洛阳，古称斟鄩、西亳、洛邑、雒阳、洛京、京洛、神都、洛城等，位于河南省西部、黄河中下游，因地处洛河之阳而得名，是国务院首批公布的国家历史文化名城，中国四大古都之一，世界文化名城。[1-2] 
洛阳有着5000多年的文明史、4000多年的建城史和1500多年的建都史，夏朝、商朝、西周、东周、东汉、曹魏、西晋、北魏、隋朝、唐朝、武周、后梁、后唐、后晋等十三个王朝在洛阳建都，有十三朝古都之称，有全国重点文物保护单位43处，馆藏文物40余万件。[3-4] 
洛阳是华夏文明和中华民族的发源地之一，是东汉、曹魏、西晋、北魏及隋唐时期丝绸之路的东方起点，隋唐大运河的中心枢纽。牡丹因洛阳而闻名于世，有“洛阳牡丹甲天下”之称，被誉为“千年帝都，牡丹花城”，中国洛阳牡丹文化节蜚声中外。[5-6] 
截至2015年，洛阳拥有四项世界文化遗产，沿洛河两岸存有夏都二里头遗址、偃师商城遗址、西周成周城遗址、东周王城遗址、汉魏洛阳城遗址、隋唐洛阳城遗址等六大都城遗址。[7-9] 
有5A级景区5家、4A级景区16家。2016年12月29日，国家发展改革委公布《国家发展改革委关于印发中原城市群发展规划的通知》，该《规划》将洛阳定位为中原城市群副中心城市。洛阳自贸区也是中国（河南）自由贸易试验区的三大片区之一。[10-11] 
2017年，洛阳市复查确认继续保留全国文明城市荣誉称号。[12] 

"
南朝宋,https://baike.baidu.com/item/%E5%88%98%E5%AE%8B,"
南朝宋（420-479年），中国南北朝时代南朝的第一个朝代，也是南朝四个朝代中存在时间最久、疆域最大、国力最盛的王朝。共传四世，历经九帝，享国60年。因国君姓刘，为与后来赵匡胤建立的宋朝相区别，故又称为刘宋。宋是南朝版图最大的朝代，当时所谓“七分天下，而有其四”[1] 
。刘裕在东晋末期的乱世中趁势崛起，先后平定孙恩、桓玄、刘毅、卢循、司马休之等势力，又灭桓楚、西蜀、南燕、后秦等国。不仅统一了中国南方，同时也收复了山东、河南、关中等地，最终代晋建宋，定都建康（今南京）。刘宋前期，社会安定，刘裕即位前后，大力推行改革，集权中央，抑制豪强兼并，实施土断，打击豪强士族，整顿吏治，重用寒门，发展生产，轻徭薄赋，废除苛法，亲自听讼，振兴教育，策试诸州郡秀才，举善旌贤，多次遣使访民间疾苦，改善政治和社会状况。刘裕死后，宋文帝刘义隆继续实行刘裕的治国方略，元嘉年间一片繁荣，史称“元嘉之治”。然因文帝晚年北伐失败致国力大损，刘宋后期，朝政混乱，帝王更迭频繁。公元479年被权臣萧道成取代，建立南齐，刘宋灭亡。刘宋是魏晋南北朝中第一个由寒门庶族建立的王朝，这一时期出现了“寒人掌机要”的政治局面[2-4] 
，文化上涌现了一批影响深远的大家，如谢灵运、刘义庆、鲍照、裴松之、范晔、颜延之、祖冲之、何承天等，建康文学史论在此时期发展到巅峰，《世说新语》，《后汉书》，《三国志注》等旷世名著诞生于这一时期，对后世影响深远。
"
爱智慧,https://baike.baidu.com/item/%E7%88%B1%E6%99%BA%E6%85%A7,"
爱智慧[philosophy]又称“哲学”是理论化、系统化的世界观，是自然知识、社会知识、思维知识的概括和总结,是世界观和方法论的统一。
"
正电荷,https://baike.baidu.com/item/%E6%AD%A3%E7%94%B5%E8%8D%B7,"
用丝绸摩擦过的玻璃棒所带的电荷叫做正电荷，质子是正电荷，而正电荷不一定是质子，对应的电子即是负电荷，或多或少表现出的带正电或带负电 ，世间万物大多为电中性 物体由原子而来，原子又由电子和原子核（中子和质子组成）而来。
"
南燕,https://baike.baidu.com/item/%E5%8D%97%E7%87%95/19511,"
南燕，十六国时期16国之一，慕容德所建。398年建都滑台。统治今山东及河南的一部分，史称南燕。409年东晋刘裕率师北伐，410年二月广固失陷，南燕亡。历二主十二年。[1] 

"
刘交,https://baike.baidu.com/item/%E5%88%98%E4%BA%A4,"
刘交（？―公元前179年），字游，沛郡丰邑（今徐州丰县）人，刘太公第四子，汉高祖刘邦异母弟，母太上皇后李氏，西汉诸侯王。刘交天性好读书，多才多艺，少时与鲁穆生、白生、申公俱受诗于荀子的弟子浮丘伯。刘邦为沛公时，刘交与萧何、曹参等俱从军至灞上，封文信君。刘邦即皇帝位，封刘交为楚王。刘交到楚国后，以穆生、白生、申公为中大夫。吕后称制时，浮丘伯在长安，刘交派其子刘郢客与申公前往受业。汉文帝听闻申公为诗最精，任命其为博士。申公开始为诗作传，与鲁诗。刘交亦缀集诗传，号元王诗。公元前179年，刘交去世，共在位二十三年，谥号元王。
"
恭帝,https://baike.baidu.com/item/%E6%81%AD%E5%B8%9D,"
恭帝多指谥号为恭的中国皇帝，例如宋恭帝，晋恭帝，隋恭帝等。谥法《逸周书》中记载“尊贤贵义曰恭。尊事贤人，宠贵义士。敬事供上曰恭。供奉也。尊贤敬让曰恭。敬有德，让有功。既过能改曰恭。言自知。执事坚固曰恭。守正不移。爱民长弟曰恭。顺长接弟。执礼御宾曰恭。迎待宾也。芘亲之阙曰恭。修德以盖之。尊贤让善曰恭。不专己善，推于人。[1] 
”但实际多为后朝给前朝末帝的中谥，略带贬义。
"
元熙,https://baike.baidu.com/item/%E5%85%83%E7%86%99,"
元熙（304年十月—308年九月）是十六国时期前赵政权汉光文帝刘渊的第一个年号，共计5年。
"
李贽,https://baike.baidu.com/item/%E6%9D%8E%E8%B4%BD,"
李贽（1527～1602），汉族 [1-3] 
，福建泉州人。明代官员、思想家、文学家，泰州学派的一代宗师。李贽初姓林，名载贽，后改姓李，名贽，字宏甫，号卓吾，别号温陵居士、百泉居士等。嘉靖三十一年举人，应会试。历共城教谕、国子监博士，万历中为姚安知府。旋弃官，寄寓黄安、湖北麻城芝佛院[4] 
。在麻城讲学时，从者数千人，中间还有不少妇女。晚年往来南北两京等地，最后被诬下狱，自刎死于狱中。李贽在社会价值导向方面，批判重农抑商，扬商贾功绩，倡导功利价值，符合明中后期资本主义萌芽的发展要求。其重要著作有《藏书》、《续藏书》、《焚书》、《续焚书》、《史纲评委》。他曾评点过的《水浒传》、《西厢记》、《浣纱记》、《拜月亭》等等，仍是至今流行的版本。[5] 
李贽还评价秦始皇是千古一帝。李贽的一生充满着对传统和历史的重新考虑，这也是明朝后期社会思想变革的一个聚焦般的体现。[6] 

"
创造,https://baike.baidu.com/item/%E5%88%9B%E9%80%A0/34627,"
创造，是指将两个或两个以上概念或事物按一定方式联系起来，主观地制造客观上能被人普遍接受的事物，以达到某种目的的行为。 简而言之，创造就是把以前没有的事物给产生出或者造出来，这明显的是一种典型的人类自主行为。因此，创造的一个最大特点是有意识地对世界进行探索性劳动。
"
卢循,https://baike.baidu.com/item/%E5%8D%A2%E5%BE%AA,"
卢循（？―411年），字于先，小名元龙，范阳涿县（今河北涿县）人，东汉名儒卢植之后，后赵中书监卢谌曾孙[1] 
，晋末群雄之一。东晋末年，随孙恩起兵反晋，在孙恩死后接替天师道起义军领袖。后乘东晋桓玄作乱之际，攻占广州，据十七郡，称雄岭南，自封平南大将军和广州刺史，设置百官。占据岭南八年之久，410年乘刘裕北伐南燕之际，发兵进犯东晋都城建康，接连击败何无忌、刘毅的军队。刘裕灭燕回师，随即发兵反击，大破卢循。后刘裕乘势进击岭南，卢循兵败自杀。
"
变电,https://baike.baidu.com/item/%E5%8F%98%E7%94%B5,"
变电是指电力系统中，通过一定设备将电压由低等级转变为高等级（升压）或由高等级转变为低等级（降压）的过程。电力系统中发电机的额定电压一般为（15～20）千伏以下。常用的输电电压等级有765千伏、500千伏、220～110千伏、35～60千伏等；配电电压等级有35～60千伏、3 ～10千伏等；用电部门的用电器具有额定电压为 3～15 千伏的高压用电设备和110 伏、220伏、380伏等低压用电设备。所以，电力系统就是通过变电把各不同电压等级部分联接起来形成一个整体。实现变电的场所为变电所。在强制性国家标准GB 50053-94《10kv及以下变电所设计规范》里面规定的术语定义是“10千伏及以下交流电源经电力变压器变压后对用电设备供电”，符合这个原理的就是变电所。
"
老子,https://baike.baidu.com/item/%E8%80%81%E5%AD%90/5448,"
老子，姓李名耳，字聃(音读:dān)，一字或曰谥伯阳。华夏族，出生于周朝春秋时期陈国苦县[1] 
，约出生于公元前571年，逝世于公元前471年。[2-10] 
老子是中国古代伟大的思想家、哲学家、文学家和史学家，道家学派创始人和主要代表人物，被唐朝帝王追认为李姓始祖。老子乃世界文化名人，世界百位历史名人之一，今存世有《道德经》（又称《老子》），其作品的核心精华是朴素的辩证法，主张无为而治。[11-12] 
20世纪80年代，据联合国教科文组织统计，在世界文化名著中，译成外国文字出版发行量最大的是《圣经》，其次就是《道德经》。[13] 
老子思想对中国哲学发展具有深刻影响，是全球文字出版发行量最大的著作之一。在道教中，老子被尊为道教始祖。老子与后世的庄子并称老庄。[4-8] 
老子誉有东方三大圣人之首，美国《纽约时报》评为世界古今十大作家之首。孔子曾数次向老子问礼、求道。自古有“老子天下第一”之称。在修身方面，老子是道家性命双修的始祖，讲究虚心实腹、不与人争的修持。在政治上，老子主张无为而治、不言之教。在权术上，老子讲究物极必反之理。[9-10] 
因老子是道家的创始人，所以老子又被古人称为“太上老君”。[4] 

"
电力,https://baike.baidu.com/item/%E7%94%B5%E5%8A%9B/1250605,"
电力是以电能作为动力的能源。发明于19世纪70 年代，电力的发明和应用掀起了第二次工业化高潮。成为人类历史18世纪以来，世界发生的三次科技革命之一，从此科技改变了人们的生活。20世纪出现的大规模电力系统是人类工程科学史上最重要的成就之一，是由发电、输电、变电、配电和用电等环节组成的电力生产与消费系统。它将自然界的一次能源通过机械能装置转化成电力，再经输电、变电和配电将电力供应到各用户。
"
韩非子,https://baike.baidu.com/item/%E9%9F%A9%E9%9D%9E%E5%AD%90/15640278,"
《韩非子》是战国时期著名思想家、法家韩非的著作总集。 《韩非子》 是在韩非逝世后，后人辑集而成的。据《汉书·艺文志》著录《韩子》五十五篇，《隋书·经籍志》著录二十卷，张守节《史记正义》引阮孝绪《七录》(或以为刘向《七录》)也说“《韩非子》二十卷。”篇数、卷数皆与今本相符，可见今本并无残缺。      著作中许多当时的民间传说和寓言故事也成为成语典故的出处。
"
韩国,https://baike.baidu.com/item/%E9%9F%A9%E5%9B%BD/6009300,"
韩国（公元前403——公元前230）周朝的诸侯国之一，是战国七雄之一，与魏国、赵国合称三晋，国君为姬姓韩氏，是晋国大夫韩武子（晋武公叔父）的后代。公元前453年，晋国的韩、赵、魏三家大夫灭智伯荀瑶，瓜分晋地，是为晋阳之战。公元前403年，韩、赵、魏三家大夫得到周威烈王的承认，正式位列于诸侯，韩国建立，建都于阳翟（今河南禹县）。公元前375年，韩哀侯灭郑国，迁都新郑（今河南郑州）。前325年魏惠王与韩宣惠王（韩威侯）在巫沙会面，并尊为王。前230年韩国被秦国所灭，所在地设置颍川郡。韩国以其著名的兵器－－弩，为各国所畏惧。所谓“天下之强弓劲弩皆从韩出”，韩国的弩能射800米之外，“远者括蔽洞胸，近者镝弇心”。除此以外，韩国的剑也异常锋利，皆“陆断牛马，水截鹄雁”，“当敌则斩坚甲铁幕”。韩国国势最强是韩昭侯在位时。他用法家的申不害为相，内政修明，韩国成小康之治。由于地处中原，韩国被魏国、齐国、楚国和秦国包围， 所以完全没有发展的空间，国土也是七国之中最小的一个，使韩国成为山东六国中第一个被秦所灭的诸侯国，于前230年覆亡。[1-3] 

"
房玄龄,https://baike.baidu.com/item/%E6%88%BF%E7%8E%84%E9%BE%84,"
房玄龄（579年—648年8月18日），名乔，字玄龄，以字行于世，齐州临淄人。唐初政治家、宰相，凌烟阁二十四功臣之一，隋朝泾阳令房彦谦之子。房玄龄十八岁时本州举进士，授羽骑尉。后在渭北投秦王李世民后，为李世民出谋划策，典管书记，是李世民得力的谋士之一。武德九年（626年），参与玄武门之变，与杜如晦等五人并功第一。李世民即位后，房玄龄为中书令，负责综理朝政。历任尚书左仆射、司空等职，封梁国公。贞观二十二年（648年），房玄龄病逝，追赠太尉，谥号“文昭”。后配享太宗庙廷。房玄龄善谋，而杜如晦处事果断，因此人称“房谋杜断”。后世以他和杜如晦为良相的典范，合称“房、杜”。《新唐书》本传对其评价是“玄龄当国，夙夜勤强，任公竭节，不欲一物失所。无媢忌，闻人善，若己有之。明达吏治，而缘饰以文雅，议法处令，务为宽平。不以己长望人，取人不求备，虽卑贱皆得尽所能。或以事被让，必稽颡请罪，畏惕，视若无所容”。[1] 

"
周立波,https://baike.baidu.com/item/%E5%91%A8%E7%AB%8B%E6%B3%A2,"
周立波，1967年4月22日生于上海市黄浦区，祖籍浙江省宁波市镇海区，海派清口创始人、主持人、演员。[1] 
2006年，和关栋天一起创办海派清口。2008年底，以上海方言为基础创作了海派清口作品《笑侃三十年》和《笑侃大上海》。[2] 
2009年，与凤凰卫视联袂，创办电视脱口秀节目《壹周立波秀》。2010年7月，开始海派清口江浙巡演，票房过亿；[3-4] 
同月受东方卫视之邀，参与创办《中国达人秀》。2012年，入职浙江卫视担任创意总监并担任《中国梦想秀》节目“梦想大使”。[5] 
2013年，与李咏一起担任央视《舞出我人生》的主持人[6] 
。2017年1月19日，周立波在长岛被捕，被警察搜出枪支和可卡因[7] 
；1月20日，周立波在缴纳保释金后，在其夫人和律师陪同下离开[7] 
；6月，他涉嫌诽谤律师[8] 
。2009年，被评为CNN年度亚洲最具影响力人物。[9] 
2010年5月，获颁第6届中华慈善奖“最具爱心捐赠个人”奖。[10] 

"
仇池,https://baike.baidu.com/item/%E4%BB%87%E6%B1%A0,"
仇池国是魏晋南北朝时期氐族杨氏建立的政权名称，因其立国之时政治中心在甘肃省陇南仇池山而得名。历史上的仇池国主要是指杨茂搜建立的前仇池国、杨定重建的后仇池国。前仇池国被前秦所灭，后仇池国被刘宋所灭。而杨氏后裔所建武都国、武兴国、阴平国也被史学家认为是仇池国的延续，所以完整意义上的仇池国应该指前仇池国、后仇池国、武都国、武兴国、阴平国五个政权。
"
铜山区,https://baike.baidu.com/item/%E5%BD%AD%E5%9F%8E%E9%83%A1,"
铜山区，古称彭城郡，隶属于江苏省徐州市，因境内微山湖中铜山岛而得名。[1] 
北部与山东省微山县、枣庄市为邻，南部与西南部接安徽宿州市埇桥区、灵璧县，东部与邳州市、睢宁县交界，西部与萧县、丰县、沛县毗邻。铜山区地处淮海经济区的中心。古有“五省通衢”之誉，今有公路、铁路、水路、航空、管道“五通汇流”之便。[2] 
 铜山区内的徐州高新区为苏北首个国家级高新区[3] 
，区内有悬水湖、吕梁山风景区、汉王拔剑泉、彭祖故里、楚王山汉墓群、千佛洞等旅游景点，有彭祖、刘裕、李昪、李煜、张昭等历史名人。铜山区是徐州的科技、通信和对外贸易中心，徐州特大城市的核心区之一，也是江苏省创新型试点区。[4] 
2017年，铜山区综合实力位居中国市辖区第30位，继续保持苏北第一，被誉为“苏北第一区”。[5-6] 

"
辩证法,https://baike.baidu.com/item/%E8%BE%A9%E8%AF%81%E6%B3%95,"
辩证法即思辩与实证相统一的方法。思辩性与实证性相统一的辩证法的发展有一个过程。辩证法发展的第一阶段是通过辩论达到真理，是辩证法发展的思辩阶段；第二阶段是揭示宇宙发展的普遍规律，是辩证法发展的实证阶段；作为思辩与实证相统一的第三阶段是前面两个阶段的综合，即 思辩性与实证性相统一的阶段。如果说第一阶段是认识论的辩证法，第二阶段是本体论的辩证法，第三阶段则是本体论和认识论相统一的对称辩证法。思辩性与实证性相统一的辩证法即对称辩证法，是辩证法发展的最高阶段。[1-7] 

"
北魏,https://baike.baidu.com/item/%E5%8C%97%E9%AD%8F,"
北魏（386年—534年）是鲜卑族拓跋珪建立的政权，也是南北朝时期北朝第一个王朝。[1] 
386年拓跋珪趁前秦四分五裂之际在牛川自称代王，重建代国，定都盛乐（今内蒙古呼和浩特市和林格尔县）。同年四月，改称魏王。398年六月，正式定国号为“魏”[2] 
，史称“北魏”。398年七月，道武帝拓跋珪迁都平城（今山西大同市），称帝。439年，太武帝拓跋焘统一北方。493年孝文帝拓跋宏迁都洛阳，大举改革。永熙三年（534年），分裂为东魏与西魏。东魏武定八年（550年），高洋废孝静帝，代东魏自立，北齐建立。西魏恭帝三年（557年）禅位于宇文觉，北周建立，北魏历史宣告结束。[3] 
从386年拓跋珪重建代国至534年分裂为止，共历20帝（列入正史本纪者12位），享国148年。北魏时期，佛教兴起，佛教得到空前发展，迁都洛阳和移风易俗促进了北魏的中央集权与民族融合。因“魏”字具有美好伟大之意并且是“神州上国”之名而定为国号[4] 
，为别于此前的曹魏政权，某些史书因此别称为“后魏”，但由于史学界不称曹魏为“前魏”，故“后魏”之称很少使用。又以其皇室姓拓跋，后改姓元，故又别称拓跋魏、元魏。
"
可靠,https://baike.baidu.com/item/%E5%8F%AF%E9%9D%A0,"
1.可以信赖依靠。 清 史致谔《禀左宗棠》：“至属吏中结实可靠之员，职道於十月中旬曾具禀加考密陈。” 老舍 《四世同堂》四七：“她看出来朋友们确是比瑞丰还更亲近，更加可靠。”2.真实可信。 鲁迅《书信集·致台静农》：“最可恨地是所闻的多不可靠。” 曹禺《日出》第二幕：“你怎么知道谣言一定可靠？”
"
新郑,https://baike.baidu.com/item/%E6%96%B0%E9%83%91,"
新郑市位于河南省中部，属郑州市，北靠郑州，南连长葛，东邻中牟、尉氏，西接新密市。面积873平方公里，人口78.6万，辖14个乡（镇），337个行政村。 地势西高东低，西部为浅山丘陵区，东部为平原，西北部为丘岗地。双泊河贯穿全市，境内长30余公里。年平均气温14.3℃，年平均降水量735毫米，全年无霜期208天。新郑在上古称为“有熊”，轩辕黄帝在此建都。帝喾时代，新郑为祝融氏之国。新郑又名祝融之墟，也称有熊之墟，为楚国先民的最早起源地。西周时期，新郑为郐国。公元前770年，郑国将国都从咸林迁到今新郑溱洧水间，仍为郑，历395年，称郑。公元前221年，秦始皇统一六国，实行郡县制。为了区别陕西之郑县，将韩之郑县改为新郑县，从此沿用千年不改。2017年国内生产总值730.9亿元，人均国内生产总值9.3万，折合1.4万美元。现有耕地61万亩，粮食作物以小麦、玉米、大豆为主；经济作物以棉花、花生、烟叶为主；森林覆盖率为13.5%。矿产资源有无烟煤，储量丰富。土特产有新郑大枣，为河南省大枣主要产地之一。新郑被列为第一批国家新型城镇化综合试点地区。
"
初宁陵,https://baike.baidu.com/item/%E5%88%9D%E5%AE%81%E9%99%B5,"
初宁陵位于南京城东麒麟门外的麒麟镇，是南朝宋武帝刘裕的陵墓。
"
散文家,https://baike.baidu.com/item/%E6%95%A3%E6%96%87%E5%AE%B6,"
散文家（sanwenjia）是一种常见的作家型式，因为散文是一种比较随性，短篇的文章。常为杂志，报章所采用。散文家是作家序列的一个分支，是指从事文学体裁散文创作的作家。指在散文创作领域取得一定的成绩和有一定知名度的人。
"
却月阵,https://baike.baidu.com/item/%E5%8D%B4%E6%9C%88%E9%98%B5,"
却月阵是中国古代兵车战法中的一种战法。按照《资治通鉴·卷第一百一十八》还记载，刘裕用“却月阵”，以2000步兵大破北魏3万精锐骑兵。
"
输电,https://baike.baidu.com/item/%E8%BE%93%E7%94%B5,"
电能的传输，是电力系统整体功能的重要组成环节。发电厂与电力负荷中心通常都位于不同地区。在水力、煤炭等一次能源资源条件适宜的地点建立发电厂，通过输电可以将电能输送到远离发电厂的负荷中心，使电能的开发和利用超越地域的限制。与其他能源输送方式相比较，输电具有损耗小、效益高、灵活方便、易于调节控制、减少环境污染等优点。
"
需要,https://baike.baidu.com/item/%E9%9C%80%E8%A6%81/82595,"
需要是有机体感到某种缺乏而力求获得满足的心理倾向，它是有机体自身和外部生活条件的要求在头脑中的反映，是人们与生俱来的基本要求。
"
桓玄,https://baike.baidu.com/item/%E6%A1%93%E7%8E%84,"
桓玄（369年1月1日-404年6月19日）， 字敬道，小字灵宝，谯国龙亢（今安徽怀远龙亢镇）人。谯国桓氏代表人物，东晋将领、权臣，大司马桓温之子。形貌瑰奇，风神疏朗，[1] 
袭爵南郡公，世称“桓南郡”。先后消灭殷仲堪和杨佺期[2] 
，除掉执政的司马道子父子，把持朝权[3] 
。历任侍中、都督中外诸军事、丞相、录尚书事、扬州牧，领徐州刺史[4] 
，相国、大将军，晋封楚王。大亨元年（403年），威逼晋安帝禅位，在建康（今江苏南京）建立桓楚，改元“永始”。[5] 
不久，刘裕举北府兵起义，桓玄败逃江陵重整军力，遭西讨义军击败。试图入蜀，被益州督护冯迁杀死，时年三十六岁。博综艺术，善属文[1] 
，著有《桓玄集》二十卷。
"
新郑,https://baike.baidu.com/item/%E6%96%B0%E9%83%91%E5%B8%82,"
新郑市位于河南省中部，属郑州市，北靠郑州，南连长葛，东邻中牟、尉氏，西接新密市。面积873平方公里，人口78.6万，辖14个乡（镇），337个行政村。 地势西高东低，西部为浅山丘陵区，东部为平原，西北部为丘岗地。双泊河贯穿全市，境内长30余公里。年平均气温14.3℃，年平均降水量735毫米，全年无霜期208天。新郑在上古称为“有熊”，轩辕黄帝在此建都。帝喾时代，新郑为祝融氏之国。新郑又名祝融之墟，也称有熊之墟，为楚国先民的最早起源地。西周时期，新郑为郐国。公元前770年，郑国将国都从咸林迁到今新郑溱洧水间，仍为郑，历395年，称郑。公元前221年，秦始皇统一六国，实行郡县制。为了区别陕西之郑县，将韩之郑县改为新郑县，从此沿用千年不改。2017年国内生产总值730.9亿元，人均国内生产总值9.3万，折合1.4万美元。现有耕地61万亩，粮食作物以小麦、玉米、大豆为主；经济作物以棉花、花生、烟叶为主；森林覆盖率为13.5%。矿产资源有无烟煤，储量丰富。土特产有新郑大枣，为河南省大枣主要产地之一。新郑被列为第一批国家新型城镇化综合试点地区。
"
司马懿,https://baike.baidu.com/item/%E5%8F%B8%E9%A9%AC%E6%87%BF,"
司马懿（179年—251年9月7日[1] 
），字仲达，河内郡温县孝敬里（今河南省焦作市温县）人。三国时期魏国杰出的政治家、军事家、战略家，西晋王朝的奠基人。司马懿曾任曹魏的大都督、大将军、太尉、太傅，是辅佐了魏国三代的托孤辅政之重臣，后期成为掌控魏国朝政的权臣。善谋奇策，多次征伐有功，其中最显著的功绩是两次率大军成功抵御诸葛亮北伐和远征平定辽东。对屯田、水利等农耕经济发展有重要贡献。73岁去世，辞郡公和殊礼，葬于首阳山。谥号宣文；次子司马昭封晋王后，追谥司马懿为宣王；司马炎称帝后，追尊司马懿为宣皇帝，庙号高祖[2] 
。
"
荀子,https://baike.baidu.com/item/%E8%8D%80%E5%AD%90/283,"
荀子（约公元前313年－公元前238年），名况，字卿，华夏族（汉族），战国末期赵国人 [1-7] 
。著名思想家、文学家、政治家，时人尊称“荀卿”。西汉时因避汉宣帝刘询讳，因“荀”与“孙”二字古音相通，故又称孙卿。曾三次出任齐国稷下学宫的祭酒，后为楚兰陵（位于今山东兰陵县）令。荀子对儒家思想有所发展，在人性问题上，提倡性恶论，主张人性有恶，否认天赋的道德观念，强调后天环境和教育对人的影响。其学说常被后人拿来跟孟子的‘性善论’比较，荀子对重新整理儒家典籍也有相当显著的贡献。
"
谥号,https://baike.baidu.com/item/%E8%B0%A5%E5%8F%B7,"
古代在受中华文化影响的国家和地区，评价一个人物的是非功过，往往不是只言片语就能叙述清楚，古人为了方便对历史人物盖棺定论，选择用谥号来进行概括。总的来说，古代历史上的皇帝、皇后以及诸侯大臣等社会地位相对较高人物，在其去世之后朝廷会依据其生前所作所为，从而给出一个具有评价意义的称号，这就是通常意义的谥号，用来高度概括一个历史人物的生平。谥号是对死去的帝妃、诸侯、大臣以及其它地位很高的人，按其生平事迹进行评定后，给予或褒或贬或同情的称号，始于西周。古代东亚（包括中国、朝鲜、越南、日本）帝王及其后妃、诸侯、臣僚等具有一定地位的人死后，内务府根据其生前事迹与品德，而给予他一个中肯的称号。此外，受中华文化影响的一些邻近国家亦有使用，但不是每个东亚古代国家都用谥号。根据对西周青铜铭文的研究，约周穆王时期，给地位较高或较有身份的死者加谥的做法已比较普遍。[1] 

"
李斯,https://baike.baidu.com/item/%E6%9D%8E%E6%96%AF/1322,"
李斯（约公元前284年—公元前208年），李氏，名斯，字通古。战国末期楚国上蔡（今河南省驻马店市上蔡县芦冈乡李斯楼村）人[1-2] 
。秦代著名的政治家、文学家和书法家。李斯早年为郡小吏[3] 
，后从荀子学帝王之术，学成入秦[4] 
。初被吕不韦任以为郎[4] 
。后劝说秦王政灭诸侯、成帝业，被任为长史[5] 
。秦王采纳其计谋，遣谋士持金玉游说关东六国[6] 
，离间各国君臣，又任其为客卿[7] 
。秦王政十年（前237年）由于韩人间谍郑国入秦，秦王下令驱逐六国客卿[8] 
。李斯上《谏逐客书》阻止，被秦王所采纳，不久官为廷尉[9] 
。在秦王政灭六国的事业中起了较大作用。秦统一天下后，与王绾、冯劫议定尊秦王政为皇帝，并制定有关的礼仪制度。被任为丞相[10] 
。他建议拆除郡县城墙，销毁民间的兵器[11] 
；反对分封制，坚持郡县制[12] 
；又主张焚烧民间收藏的《诗》、《书》等百家语，禁止私学，以加强中央集权的统治[13] 
。还参与制定了法律，统一车轨、文字、度量衡制度[14] 
。李斯政治主张的实施对中国和世界产生了深远的影响，奠定了中国两千多年政治制度的基本格局。秦始皇死后，他与赵高合谋，伪造遗诏，迫令始皇长子扶苏自杀，立少子胡亥为二世皇帝[15] 
。后为赵高所忌，于秦二世二年（前208年）被腰斩于咸阳闹市，并夷三族[16] 
。
"
电场,https://baike.baidu.com/item/%E7%94%B5%E5%9C%BA,"
电场是电荷及变化磁场周围空间里存在的一种特殊物质。电场这种物质与通常的实物不同，它不是由分子原子所组成，但它是客观存在的，电场具有通常物质所具有的力和能量等客观属性。电场的力的性质表现为：电场对放入其中的电荷有作用力，这种力称为电场力。电场的能的性质表现为：当电荷在电场中移动时，电场力对电荷做功（这说明电场具有能量）。
"
高皇帝,https://baike.baidu.com/item/%E9%AB%98%E5%B8%9D,"
高皇帝(gāo huáng dì)：开国皇帝的谥号之一。简称“高帝”。如：汉太祖高皇帝刘邦、齐太祖高皇帝萧道成、曹魏高皇帝曹腾。
"
物资,https://baike.baidu.com/item/%E7%89%A9%E8%B5%84,"
物资是物质资源的简称。它既包括自然界直接提供的物资财富，又包括经过人的劳动所取得的劳动产品；既包括可以直接满足人们需要的生活资料，又包括间接满足人们需要的生产资料。
"
诸子散文,https://baike.baidu.com/item/%E8%AF%B8%E5%AD%90%E6%95%A3%E6%96%87,"
诸子散文指的是战国时期各个学派的著作，反映着不同学派的思想倾向、政治主张和哲学观点。春秋战国时期，“百家竞作，九流并起。”各种思想流派的代表人物纷纷著书立说，宣传自己的社会政治主张。诸子的文章，各具风采。在这一时期比较重要的有儒、法、道、墨四家。
"
哲学范式,https://baike.baidu.com/item/%E5%93%B2%E5%AD%A6%E8%8C%83%E5%BC%8F,"
哲学从属于人类的实践，从属于本源事物，是人类思想认识活动或本源事物的存在和表现形式之一。
"
庙号,https://baike.baidu.com/item/%E5%BA%99%E5%8F%B7,"
庙号是东亚地区皇帝于庙中被供奉时所称呼的名号，起源于重视祭祀与敬拜的商朝。隋以前，并不是所有君王都有庙号，一般君王死后会建筑专属的家庙祭祀，但在几代之后就必须毁去原庙，而于太庙合并祭祀。合于太庙祭祀称之为“祧”，“祧”这件事情有实际上的作用。如果每个君王的庙都留下，数代之后为数众多的家庙会有祭祀上的困难。而对国家有大功、值得子孙永世祭祀的先王，就会特别追上庙号，以示永远立庙祭祀之意。[1] 
另外，由于后世皇帝谥号字数膨胀，且几乎只要是后人接位的皇帝子孙都会给父祖上美谥，故谥号实际上无法显示皇帝评价，庙号反而取代了谥号起到盖棺论定的功用。有的君主死后，会有多个庙号，庙号并不唯一，这是追尊、改谥等原因造成的。皇帝死后，在太庙立室奉祀时特起的名号，如：太祖、高祖、世祖、圣祖、太宗、高宗、显宗、肃宗等。
"
损失,https://baike.baidu.com/item/%E6%8D%9F%E5%A4%B1,"
损失是一个汉语词汇，读音为sǔn shī，指失去东西，不会有补偿。也指损毁丧失，毁坏。损失既可作动词、也可作名词。反义词是收益、收获。
"
土断,https://baike.baidu.com/item/%E5%9C%9F%E6%96%AD,"
土断：东晋和南朝为解决侨置问题而推行的整理户籍及调整地方行政区划的政策。其主要精神是划定州、郡、县领域，居民按实际居住地编定户籍，故称土断，即以土著为断。其旨意、方法因时而有差异。西晋武帝太康五年（284），汝南王司马亮、司空卫瓘上疏，咸用土断，使举善进才，各由乡论，以纠九品中正制之流弊，是为土断之始。晋廷东迁后，北方侨人日回月徙，南方流民去来纷杂。政府为明考课、定税收，先后于成帝咸和中、咸康七年（341）、哀帝兴宁二年（364）和安帝义熙九年（413）多次实行土断。其中后两次分别由大司马桓温和太傅刘裕主持，史称“庚戌土断”及“义熙土断”，一时“财阜国丰”，“豪强肃然”。南朝宋孝武帝大明元年（457）、宋后废帝元徽元年（473）、齐高帝建元三年（481）、梁武帝天监元年（502）和陈文帝天嘉元年（560），亦曾多次土断，但执行中巧伪甚多，或窃注黄籍，或却而复注，故成效甚微。
"
韩非子·五蠹,https://baike.baidu.com/item/%E4%BA%94%E8%A0%B9/2763,"
《五蠹》全文近四千七百字，是先秦说理文进一步发展的作品，可以反映出韩非文章的一般特点。作者举出了大量的事实，于对比中指出古今社会的巨大差异，论据充分，词锋锐利，推理事实切中肯綮。
"
建康,https://baike.baidu.com/item/%E5%BB%BA%E5%BA%B7/8714,"
建康是南京在六朝时期的名称，孙吴、东晋、刘宋、萧齐、萧梁、陈朝六代京师之地，是中国在六朝时期的经济、文化、政治、军事中心，也是世界上第一个人口超过百万的城市，当时世界上最大的城市。[1] 
建康城范围东西南北各40里，有宫墙三重，南拥秦淮、北倚后湖、钟山龙蟠、石城虎踞，苑囿主要分布于都城东北处，宫城北有华林园，覆舟山有乐游苑，华林园、天渊池等宫苑点缀其中。西南有石头城、西州城，东南有东府城、丹阳郡城，宣阳门至朱雀门间五里御道两侧布置官署府寺，居住里巷主要分布在御道两侧和秦淮河畔，城内外遍布佛寺，有大小寺庙五百余所。建康城是中国传统礼教制度与自然完美结合的典范，中国古代都城的杰出代表，在中国古代都城发展史上具有重要地位，首开都城中轴对称布局的先例，其平面布局、建筑形制对后世影响深远，并深刻影响到东亚各国。六朝皇宫台城，宫殿壮丽巍峨，殿阁崇伟，为北魏都城以及东亚各国争相效仿，上承秦汉下启隋唐，深远影响了后世都城建设的形制。衣冠南渡使汉民族在南京保存了华夏文化之正朔，被历代所传诵。以建康为代表的南朝文化，与西方的古罗马被称为人类古典文明的两大中心，在人类历史上产生了极其深远的影响。
"
桓楚,https://baike.baidu.com/item/%E6%A1%93%E6%A5%9A/2317055,"
桓楚（公元403年—公元410年），东晋末年由楚王桓玄废晋安帝而建立。晋安帝元兴二年（403）2月，桓玄受封为大将军，9月又自称相国、封楚王、加九锡、领十郡。晋安帝元兴二年（403年），控制东晋中央政府的楚王桓玄篡夺政权。十一月二十一日（阳历为403年12月20日），晋安帝献上国玺，禅位于桓玄。十二月三日（阳历为404年1月1日），桓玄正式称帝，国号楚，改元永始。为与其余号为楚的政权区分，故史家称桓玄建立的政权为“桓楚”。404年，以刘裕为首的数名将领，起兵勤王，楚军不敌，桓玄退出建康，并挟持晋安帝西逃至江陵。同年，桓玄败死，桓玄堂兄桓谦将国玺奉还安帝。408年，桓谦所领导的桓楚政权被刘道规击破。410年，桓石绥在激战中被杀，桓楚王朝灭亡。桓楚亡后，桓氏宗族仍不断在长江中游一带兴兵与东晋官军对抗，直到数年后才被消灭。
"
晋陵郡,https://baike.baidu.com/item/%E6%99%8B%E9%99%B5%E9%83%A1,"
西晋末，以毘陵郡封东海王世子司马毘，避其名讳，改毘陵郡名晋陵郡，郡县并改。隋初，罢晋陵诸郡置常州。唐时，曾复称晋陵郡。
"
含义,https://baike.baidu.com/item/%E5%90%AB%E4%B9%89,"
含义是一个汉语词汇，拼音为hán yì，基本意思是所包含的意义；暗示，示意。遗指带有某种意思，不完全表露出来；或里面存在着，表面不清晰。出自《四世同堂》、《东方》等文献。
"
后秦,https://baike.baidu.com/item/%E5%90%8E%E7%A7%A6,"
后秦（384年-417年）是十六国时期羌人贵族姚苌建立的政权。传三世共三帝，历经三十四年。前秦苻坚淝水兵败后，关中空虚，原降于前秦的羌人贵族姚苌在渭北叛秦，晋太元九年（384年）自称“万年秦王”，都北地（今陕西耀县东南）。次年擒杀苻坚。太元十一年（386年）姚苌称帝于长安（今陕西西安汉长安城遗址），国号秦，史称后秦。统治地区包括今陕西、甘肃东部和河南部分地区。后秦建初七年（393年）姚苌卒，子姚兴继位，攻杀前秦苻登，扫除前秦残部；又乘后燕灭西燕，尽占原西燕河东之地；弘始元年（399年）乘东晋内乱，陷洛阳，淮汉以北诸城多请降，国势遂与后燕相当。伐后凉，得鸠摩罗什。是年，法显从长安出发西行求经。弘始十八年（416年）姚兴卒，子姚泓继位。国内曾归降的多族势力趁机反叛，乘丧发兵。同年八月，东晋太尉刘裕亲率大军分四路北伐，克许昌，陷洛阳。后秦宗室皇弟为夺位反叛，被姚泓消灭。义熙十三年（417年）刘裕大军已经攻破潼关，围攻长安，姚泓举家投降，后秦亡。
"
东晋,https://baike.baidu.com/item/%E4%B8%9C%E6%99%8B,"
东晋（317年－420年），是由西晋宗室司马睿南迁后建立起来的政权，建都洛阳的西晋覆亡，史称东晋，此外，史书中又仿东汉称中汉，称东晋为中晋，寓以晋室中兴之意；又东晋统治地区大部分在江东，古称江左，因此以江左代指东晋。[1] 
东晋是门阀士族政治，与北方的五胡十六国并存，这一历史时期又称东晋十六国。东晋时代，也曾经内部四分五裂。东晋与之前的孙吴以及其后的宋、齐、梁、陈，合称为六朝。东晋曾多次试图北伐，但由于内部不团结，除了最后篡晋的刘裕取得一定成果外，其余都无建树。祖逖本有希望恢复旧土，但他被司马睿挟制，郁郁而终。桓温的北伐则被慕容垂击败。太元八年（383年），前秦苻坚率兵南侵，东晋宰相谢安力主抗击，派谢石谢玄率军，在淝水之战大获全胜，苻坚只身逃回北方，南北分立之势从此而成。后有桓玄叛乱，废安帝，自立为天子，后为大将刘裕所平，拥恭帝，然大权落裕。元熙二年（420年），宋公刘裕废除晋安帝，建立刘宋，东晋灭亡，中国历史进入南北朝时期。[2] 

"
丹徒区,https://baike.baidu.com/item/%E4%B8%B9%E5%BE%92%E5%8E%BF,"
丹徒区，江苏省镇江市辖区。位于江苏省西南部，镇江市区周围。地理坐标为东经119°15′-119°45′，北纬31°15′-32°16′。东、北分别与扬中、扬州、仪征隔江相望，东南邻丹阳，南连金坛，西接句容。面积611平方千米。2011年末，户籍总人口28.67万人。区人民政府驻谷阳镇。丹徒文化属吴越文化，丹徒人属江浙民系使用吴语。地势西南高，东北低，南延茅山余脉，中为宁镇山脉，岗峦起伏，多级阶地；东、北沿圩区坦荡，地貌大致可分为低山丘陵、河流阶地、丘间谷地和冲积平原四大类型。[1] 
2017全国综合实力百强区。[2] 

"
元嘉之治,https://baike.baidu.com/item/%E5%85%83%E5%98%89%E4%B9%8B%E6%B2%BB,"
元嘉之治指的是南朝宋文帝刘义隆时期（年号元嘉），宋文帝在继承和延续宋武帝刘裕生前推行的多项改革政策的基础上开创的一个盛世，因其政治较为清明，又努力推行繁荣经济文化的各项政策，从而出现了短期内经济终于有所恢复，人民生活较为安定的政治局面。这一时期刘宋王朝的政治、经济、文化均得到较大的发展，谢灵运、刘义庆、鲍照、裴松之、范晔、颜延之、祖冲之、何承天等对后世文化影响深远的名人都活跃在这个时代，建康文学史论在这一时期发展到巅峰，《世说新语》，《后汉书》，《三国志注》等旷世名著诞生于这一时期，元嘉之治开创了魏晋以来最好的社会局面，也是东晋南北朝国力最为强盛的历史时期。《宋书》赞曰：“三十年间，氓庶蕃息......民有所系，吏无苟得。家给人足，即事虽难，转死沟渠，于时可免。凡百户之乡，有市之邑，谣舞蹈，触处成群，盖宋世之极盛也。”[1] 
“昔汉氏东京常称建武、永平故事，自兹厥后，亦每以元嘉为言，斯固盛矣！”[2] 

"
十六国,https://baike.baidu.com/item/%E5%8D%81%E5%85%AD%E5%9B%BD,"
十六国是中国历史上的一段大分裂时期。该时期自304年李雄和刘渊分别在蜀地建立成国（成汉）、在中原建立汉赵（后称前赵）时起，至439年北魏拓跋焘（太武帝）灭北凉为止。这一期间，中国江南、荆湘地区有东晋控制，而北方和西南则先后建立了二十多个国家。其中的成汉、前赵、后赵、前凉、北凉、西凉、后凉、南凉、前燕、后燕、南燕、北燕、夏、前秦、西秦、后秦十六个国家实力强劲，被统称为十六国。
"
山乡巨变,https://baike.baidu.com/item/%E5%B1%B1%E4%B9%A1%E5%B7%A8%E5%8F%98,"
《山乡巨变》是《暴风骤雨》的续篇。它由正、续篇组成，完整地描写了湖南省一个叫清溪乡的农业生产合作社从初级社到高级社的发展过程，艺术地展现了合作化运动前后，中国农民走上集体化道路时的精神风貌和新农村的社会面貌，剖析了农民在历史巨变中的思想感情、心理状态和理想追求，从而说明农业合作化是中国农村的第二次暴风骤雨。如同《暴风骤雨》一样，《山乡巨变》同样具有鲜明的时代感。
"
家庭,https://baike.baidu.com/item/%E5%AE%B6%E5%BA%AD/2221140,"
家庭是指婚姻关系、血缘关系或收养关系基础上产生的，亲属之间所构成的社会生活单位。[1] 
家庭是幸福生活的一种存在。家庭有广义和狭义之分，狭义是指一夫一妻制构成的社会单元；广义的则泛指人类进化的不同阶段上的各种家庭利益集团即家族。从社会设置来说，家庭是最基本的社会设置之一，是人类最基本最重要的一种制度和群体形式。从功能来说，家庭是儿童社会化，供养老人，是满足经济合作的人类亲密关系的基本单位。从关系来说，家庭是由具有婚姻、血缘和收养关系的人们长期居住的共同群体。
"
载记,https://baike.baidu.com/item/%E8%BD%BD%E8%AE%B0,"
载记，史书体裁之一，记载不属于正统王朝的割据政权的事迹。汉·班固作史时最早列此目，后《晋书》、《四库全书》等沿用之。[1] 

"
长安,https://baike.baidu.com/item/%E9%95%BF%E5%AE%89/31540,"
长安是西安的古称，是历史上第一座被称为“京”的都城，也是历史上第一座真正意义上的城市[1-2] 
。周文王时就定都于此，筑设丰京，武王即位后再建镐京，合称丰镐，西安简称“镐”（hào）即源于此。汉高祖五年（前202年）置长安县，在渭河南岸、阿房宫北侧、秦兴乐宫的基础上兴建长乐宫，高祖七年（前200年）营建未央宫，同年国都由栎阳迁移至此，因地处长安乡，故名长安城，取意“长治久安”。长安是十三朝古都，是中国历史上建都朝代最多，建都时间最长，影响力最大的都城，居中国四大古都之首，是中华文明的发祥地，中华民族的摇篮，中华文化的杰出代表[3] 
，隋唐时期世界最大的城市。长安是丝绸之路的东方起点和隋唐大运河的起点，是迄今为止唯一被联合国教科文组织确定为世界历史名城的中国城市，与雅典、罗马、开罗并称世界四大文明古都[4] 
。拥有着7000多年文明史、3100多年建城史和1200多年（不计陪都）的建都史，历史上曾有周、秦、汉、隋、唐等在内的13个朝代建都于此，唐朝鼎盛时期常住人口185万。作为中国首都和政治、经济、文化中心长达一千多年，被誉为天然历史博物馆，是国际著名旅游目的地城市。长安文化影响极其深远，由于建都长安的周、秦、汉、隋、唐是中国古代最为强盛和文明的黄金时代，因此在唐以后，虽然长安不再为国都，但“长安”一词却成为国都别称。今天首都北京最重要也最知名的神州第一街——长安街，就是以古长安命名。[5] 

"
人类,https://baike.baidu.com/item/%E4%BA%BA%E7%B1%BB/31910,"
人类（human）是人的总称。生物学上，人被分类为真核总界 动物界 后生动物亚界 后口动物总门 脊索动物门 脊椎动物亚门 羊膜总纲 哺乳纲 真兽亚纲 灵长目 类人猿亚目 狭鼻猴次目 类人猿超科 人科 人亚科 人族 人属 智人种。人可以从生物、精神与文化等各个层面来定义，或是这些层面定义的结合。生物学上，人被分类为人科、人属、人种，一种高级动物。精神层面上，人被描述为能够使用各种灵魂的概念，在宗教中这些灵魂被认为与神圣力量或精神不灭有关。人：“能制造精致的工具、并能熟练使用工具进行劳动，有丰富的思维能力，有判断跟实际情况没有冲突和跟实际情况有冲突的能力，有初步维护地球生态圈的能力，有创造能力和控制修复能力”人与人之间应和睦相处，信任和沟通是人与人之间最基本的生存方式。进化论研究表明认为人类起源于森林古猿，从灵长类经过漫长的进化过程一步一步发展而来。DNA与化石证明，人类大约于300万年前起源于非洲。与其他动物相比，人类具有高度发达的大脑，复杂的抽象思维、语言、自我意识以及解决问题的能力。人类直立的身体构造使得人类的前肢可以自由活动，这让富有智慧的人类得以掌握远超出其它任何物种的工具使用能力，并最终发展出强大的劳动能力和创造性。人是一种高级社会动物。四大人种为黄色人种（蒙古利亚人）、白色人种（高加索人）、黑色人种（尼格罗人）、棕色人种（澳大利亚人）。
"
价值,https://baike.baidu.com/item/%E4%BB%B7%E5%80%BC/3771581,"
价值，读作jià zhí，汉语词语，词语解释是（1）体现在商品里的社会必要劳动。（2）积极作用。出自《闲情偶寄·声容·薰陶》。国语词语解释是（1）泛称物品的价格。（2）以各种等值标准或交换标准所表示的价值。（3）凡有助于促进道德上的善，便是价值。（4）正面作用。
"
绥舆里,https://baike.baidu.com/item/%E7%BB%A5%E8%88%86%E9%87%8C,"
萧县城区向东6公里许向北，便是八角山，八角山北边的山很久以久叫绥舆山，山下的村庄就是绥舆里，因该村在绥舆山之西，故又称被为“西舆”，后写成西峪 。[1] 

"
范式,https://baike.baidu.com/item/%E8%8C%83%E5%BC%8F,"
范式是符合某一种级别的关系模式的集合。关系数据库中的关系必须满足一定的要求，满足不同程度要求的为不同范式。[1] 

"
富国,https://baike.baidu.com/item/%E5%AF%8C%E5%9B%BD/10293874,"
富国是一个汉语词汇，读音为fù guó，指富裕的国家；经济发达的国家。北齐 颜之推 《颜氏家训·勉学》等均有相关记载。
"
史记,https://baike.baidu.com/item/%E5%8F%B2%E8%AE%B0,"
《史记》是西汉史学家司马迁撰写的纪传体史书，是中国历史上第一部纪传体通史，被列为“二十四史”之首，记载了上至上古传说中的黄帝时代，下至汉武帝太初四年间共3000多年的历史。与后来的《汉书》《后汉书》《三国志》合称“前四史”。[1] 
《史记》全书包括十二本纪（记历代帝王政绩）、三十世家（记诸侯国和汉代诸侯、勋贵兴亡）、七十列传（记重要人物的言行事迹，主要叙人臣，其中最后一篇为自序）、十表（大事年表）、八书（记各种典章制度记礼、乐、音律、历法、天文、封禅、水利、财用），共一百三十篇，五十二万六千五百余字。[1] 
《史记》对后世史学和文学的发展都产生了深远影响。其首创的纪传体编史方法为后来历代“正史”所传承。《史记》还被认为是一部优秀的文学著作，在中国文学史上有重要地位，被鲁迅誉为“史家之绝唱，无韵之《离骚》”，有很高的文学价值。刘向等人认为此书“善序事理，辩而不华，质而不俚”。[1] 

"
刘毅,https://baike.baidu.com/item/%E5%88%98%E6%AF%85/3961214,"
刘毅（？－412年），字希乐，小字盘龙，沛国沛县（今属江苏沛县）人，晋末群雄之一，东晋末年北府兵将领。曾与刘裕、何无忌等举义兵消灭桓玄，在刘裕北伐南燕时，因急于与刘裕比绩，在讨伐当时进犯的卢循过程中，兵败，致声望大跌，后请求移镇地方。官至卫将军、江州刺史、荆州刺史，占据长江中上游大部分地区，自设辖内百官，雄兵一方。但极度忌妒刘裕，不服在刘裕以下，后暗地与建康朝中的谢混、郗僧施等大族联络，扩充自己的势力，并欲以荆州为本，意图举兵攻打都城建康，412年刘裕抢先讨伐之，刘毅兵败自杀。
"
谯蜀,https://baike.baidu.com/item/%E8%A5%BF%E8%9C%80/8282154,"
谯蜀（公元405年—公元413年）十六国时期由汉人谯纵建立的政权，史称谯蜀，又称后蜀、西蜀。治政范围涵盖四川盆地大部，因蜀地重要，掌控南朝门户，如若失去蜀地控制权，就会门户洞开，战略上陷入极大被动，所以谯蜀立国九年，始终兵连战接。413年，东晋军攻进成都，谯纵自缢，谯蜀灭亡。[1] 

"
科学学,https://baike.baidu.com/item/%E7%A7%91%E5%AD%A6%E5%AD%A6,"
科学学的英文表达为：Science of Science。所谓科学学，就是关于科学的科学。科学学主要任务就是要向人们明确回答：第一，究竟什么是科学（要有准确的科学定义）？第二，科学都有些什么特征，内容，方法，使命，社会功能与规矩等等。那么，科学学就是人类最高最大管理科学。管理并规范人类所有的科学：语言文字学，数学，哲学，社会科学，政治与经济学，自然科学以及揭示人类自身的科学等等。
"
野猫,https://baike.baidu.com/item/%E9%87%8E%E7%8C%AB/10570154,"
野猫（学名：Felis silvestris）：是一种小型猫科动物，该物种有多达27个亚种被确认，不同的亚种体型大小，毛色和花纹各不相同。雌性体重平均2.7-4千克，雄性平均为4-至5千克。通常体长为500至750毫米，尾长为210-350毫米。在干燥的地区，猫的皮毛往往比较苍白和色浅，斑纹也较模糊； 而来自湿润地区的往往较黑暗，斑点或条带状更深。栖息于草原、沼泽地和海拔1000米以下的盆地或低地山区森林地带，对环境的适应性较强。但一般不进入冬季严寒和积雪覆盖地区，活动偏向于比较干旱地带。是独居动物，夜行性。一般在清晨和黄昏时分捕猎。吃啮齿动物、昆虫、鸟类和一些小的哺乳动物。主要分布于欧洲、非洲及亚洲西部。
"
司马休之,https://baike.baidu.com/item/%E5%8F%B8%E9%A9%AC%E4%BC%91%E4%B9%8B,"
司马休之（？-417年），字季预，河内温县（今河南温县）人。晋朝宗室、将领，晋末群雄之一，谯敬王司马恬第四子。东晋末年司马宗室之翘楚，曾任平西将军、荆州刺史，世称司马平西。[1] 
在平定王恭叛乱时，多有战功，后桓玄发荆楚大军讨伐建康朝廷，司马休之领兵西伐，兵败。桓玄篡晋后，诛不附己者，司马休之遂奔南燕慕容德。刘裕诛除桓玄后，司马休之回还东晋，起为荆州刺史，不久兵败于桓振，迁并州刺史。刘裕讨灭刘毅后，司马休之率领并州的募军抵达荆州，复为荆州刺史，拥兵自重。415年，刘裕发兵讨伐司马休之，攻克江陵，直捣襄阳，吞并荆州。司马休之父子、鲁宗之等逃往后秦依附姚兴。刘裕灭亡后秦，司马休之等晋国宗室向北魏司徒长孙嵩请降，卒于军中。[2-6] 

"
南北朝,https://baike.baidu.com/item/%E5%8D%97%E5%8C%97%E6%9C%9D/6417,"
南北朝（420年—589年[1] 
）是南朝和北朝的合称。南北朝时期是中国历史上的一段大分裂时期，也是中国历史上的一段民族大融合时期，上承东晋十六国下接隋朝，由420年刘裕代东晋建立刘宋始，至公元589年隋灭陈而终。南朝（420年—589年）包含刘宋、南齐、南梁、南陈四朝；北朝（386年—581年）则包含北魏、东魏、西魏、北齐和北周五朝。南北两方虽各有朝代更迭，但长期维持对峙形势，故称为南北朝。南北朝前期仍是士族政治，社会阶层分为士族、齐民编户、依附户及奴婢，对外交流也很兴旺，东到日本和朝鲜半岛，西到西域、中亚、西亚，南到东南亚与南亚。此时也出现民族大融合的趋势，比如北魏孝文帝改革，进一步加速少数民族封建化（汉化）的步伐。[2] 

"
水压,https://baike.baidu.com/item/%E6%B0%B4%E5%8E%8B,"
定义指水的压强。用容器盛水时，由于水受重力，就有相当于那么多重量的压力，向容器的壁及底面作用。盛在容器中的水，对侧面及底面都有压力作用，对任何方向的面，压力总是垂直于接触面的。而且深度相同时，压强也相同；液体越深，则压强也越大。例如，在一个两端开口的玻璃管的一端加一薄塑料片，开口一端向上，直放入水中时，薄片不会下落。这是因为有水向上托之力（即向上的压力）。然后将水慢慢地一点点灌入玻璃管中，管内的水面未接近管外的水面时，塑料薄片不会掉下。这证明水有向上的压力，给薄片一个支持的力。继续加水至管内外水面相平时，管内水柱向下的压力与管外薄片受到的向上压力相等，由于塑料薄片本身的重量而落下。此时，筒底薄片所受之向下的压力是筒中水柱的重量，所受之向上的压力，为筒所排除水的重量，二者相等而方向相反，遂相消而等于零，薄片是受重力作用而落下。如将玻璃管倾斜放置，其结果也是一样。即水的压力向上，各侧面都有压力作用。
"
二十四史,https://baike.baidu.com/item/%E4%BA%8C%E5%8D%81%E5%9B%9B%E5%8F%B2,"
二十四史，是中国古代各朝撰写的二十四部史书的总称，由于《史记》的写法被历来的朝代纳为正式的历史写作手法，故将和《史记》一样用纪传体写作的史书称“正史”。它上起传说中的黄帝（约前2550年），止于明朝崇祯十七年（1644年），计3213卷，约4000万字，用统一的有本纪、列传的纪传体编写。1921年，中华民国大总统徐世昌下令将《新元史》列入正史，与“二十四史”合称为“二十五史”，而多数地方不将《新元史》列入，而改将《清史稿》列为“二十五史”之一，如果将两书都列入正史，则形成了“二十六史”。
"
专制,https://baike.baidu.com/item/%E4%B8%93%E5%88%B6,"
"
申不害,https://baike.baidu.com/item/%E7%94%B3%E4%B8%8D%E5%AE%B3,"
申不害（前385年－前337年）[1] 
，亦称申子，郑国京邑（今河南新郑）人。《史记》说他专攻“黄老之术”。战国时期法家重要创始人物之一、思想家。以“术”著称，著有《申子》是春秋战国时期，百家争鸣中的代表人物。韩国灭掉郑国后，韩昭侯重用他为丞相，在韩国主持改革，他在韩为相15年，“内修政教，外应诸侯”，帮助韩昭侯推行“法”治、“术”治，使韩国君主专制得到加强，国内政局得到稳定，贵族特权受到限制，百姓生活渐趋富裕，史称“终申子之身，国治兵强，无侵韩者。”十五年间便使韩国强盛起来。[2] 
公元前337年，申不害卒于韩都（今新郑）。
"
法家思想,https://baike.baidu.com/item/%E6%B3%95%E5%AE%B6%E6%80%9D%E6%83%B3,"
法家是中国历史上研究国家治理方式的学派，提出了富国强兵、以法治国的思想。它是诸子百家中的一家，战国时期提倡以法制为核心思想的重要学派。《汉书·艺文志》列为“九流”之一。其思想源头可上溯于春秋时的管仲、子产。战国时李悝、吴起、商鞅、慎到、申不害等人予以大力发展，遂成为一个学派。战国末韩非对他们的学说加以总结、综合，集法家之大成。法家强调“不别亲疏，不殊贵贱，一断于法”。[1] 
法家是先秦诸子中对法律最为重视的一派。而且提出了一整套的理论和方法。这为后来建立的中央集权的秦朝提供了有效的理论依据，后来的汉朝继承了秦朝的集权体制以及法律体制，这就是我国古代封建社会的政治与法制主体。法家思想作为一种主要派系，他们提出了至今仍然影响深远的以法治国的主张和观念，这就足以见得他们对法制的高度重视，以及把法律视为一种有利于社会统治的强制性工具，这些体现法制建设的思想，一直被沿用至今，成为中央集权者稳定社会动荡的主要统治手段。当代中国法律的诞生就是受到法家思想的影响，法家思想对于一个国家的政治、文化、道德方面的约束还是很强的，对现代法制的影响也很深远。
"
慎到,https://baike.baidu.com/item/%E6%85%8E%E5%88%B0,"
慎到(约公元前390年—公元前315年)，尊称慎子。中国战国时期赵国邯郸(今属河北省)人。《史记》说他专攻“黄老之术”。齐宣王时他曾长期在稷下讲学，是稷下学宫中最具有影响的学者之一。《史记》说他有《十二论》，《汉书·艺文志》的法家类著录了《慎子》四十二篇。是从道家中出来的法家创始人之一。后来很多都失传了，《慎子》现存有《威德》、《因循》、《民杂》、《德立》、《君人》五篇，《群书治要》里有《知忠》、《君臣》两篇，清朝时，钱熙祚合编为七篇，刻入《守山阁丛书》。此外，还有佚文数十条，近代出土慎到佚篇《慎子曰恭俭》[1] 
。
"
君主-假面的主人,https://baike.baidu.com/item/%E5%90%9B%E4%B8%BB,"
《君主-假面的主人》是韩国MBC电视台于2017年5月10日起播出的水木古装爱情连续剧，由卢道哲执导，朴慧珍、郑海利编剧，俞承豪、金所炫、金明洙、尹邵熙、许俊豪 、朴哲民等主演[1] 
。该剧以朝鲜时代为背景，主要讲述了世子李煊和朝鲜八道因水的私有化而获得强权和暴利的边首会之间的正义之争以及爱情故事[2-3] 
。
"
北府兵,https://baike.baidu.com/item/%E5%8C%97%E5%BA%9C%E5%86%9B,"
中国东晋孝武帝初年谢玄组建训练的军队。太元二年（377），朝廷因前秦强大，诏求文武良将镇御北方。朝廷拜谢玄建武将军、兖州刺史，领广陵相、监江北诸军事，镇广陵，召募劲勇，徐（治京口）、兖（治广陵）流民帅军队纷纷应募入伍。谢玄以刘牢之为参军，常领精锐为前锋，战无不捷。太元四年，谢玄加领徐州刺史，镇京口。东晋称京口为“北府”，所以称这支军队为北府兵。
"
基础理论,https://baike.baidu.com/item/%E5%9F%BA%E7%A1%80%E7%90%86%E8%AE%BA,"
基础理论指一门学科的基本概念、范畴、判断与推理。科学的基础理论，指科学的基本概念、范畴与原理。[1-3] 
经济学基础理论是由概念、范畴与范畴体系组成的学科逻辑体系，包括科学的经济学理论与不科学的经济学理论。科学的经济学理论即经济学科学真理，内容是反映经济发展客观规律的经济学科学规律，形式是语言（包括数学）。不科学的经济学理论往往是复杂经济现象中某些方面的抽象，是片面的，包含着合理的因素。[1-3] 

"
唯物主义,https://baike.baidu.com/item/%E5%94%AF%E7%89%A9%E4%B8%BB%E4%B9%89,"
唯物主义，即是唯物派，马克思主义认为唯物主义是哲学两大基本派别之一，它与唯心主义对立，在哲学基本问题上主张物质为第一性、精神为第二性，世界的本源是物质，精神是物质的投影和反映。哲学里关于本体论的一种基本观点。在意识与物质之间，物质决定意识，意识是客观世界在人脑中的反映，客观世界独立于意识之外，主观能动性区别于其它生命意识。唯物论，哲学理论，肯定世界的基本组成为物质，物质形式与过程是我们认识世界的主要途径，持着只有事实上的物质才是存在的实体的这一种观点，并且被认为是物理主义的一种形式。该理论的基础，所有的实体（和概念）都是物质的一种构成或者表达，并且，所有的现象（包括意识）都是物质相互作用的结果，在意识与物质之间，物质决定了意识，而意识则是客观世界在人脑中的生理反应，也就是有机物形成的对物质的反应。因此，物质是唯一事实上存在的实体。作为一个理论体系，唯物主义属于一元本体论，其本身又不同于以二元论或多元论为基础的本体论，作为对现实世界的一种解释，它是唯心主义的一个对立面。唯物主义有机械唯物主义和辩证唯物主义的区别，机械唯物主义认为物质世界是由各个个体组成的，如同各种机械零件组成一个大机器，不会变化；辩证唯物主义认为物质世界永远处于运动与变化之中，它是互相影响，互相关联的。机械唯物论的代表人物：费尔巴哈、赫拉克利特、培根等；辩证唯物论的代表：马克思、恩格斯、列宁等。
"
